{"cameraMode":{"drawMode":0,"name":"Shaded","section":"Shading Mode"},"sceneLighting":false,"audioPlay":false,"sceneViewState":{"m_AlwaysRefresh":false,"showFog":true,"showSkybox":false,"showFlares":true,"showImageEffects":true,"showParticleSystems":true,"showVisualEffectGraphs":true,"m_FxEnabled":true},"in2DMode":false,"pivot":{"x":-1.1707570552825928,"y":-0.24242901802062989,"z":0.7123252153396606},"rotation":{"x":-0.07718586176633835,"y":0.5577430725097656,"z":-0.05219036340713501,"w":-0.8247776031494141},"size":3.4233946800231935,"orthographic":false}