{"cameraMode":{"drawMode":0,"name":"Shaded","section":"Shading Mode"},"sceneLighting":false,"audioPlay":false,"sceneViewState":{"m_AlwaysRefresh":false,"showFog":true,"showSkybox":false,"showFlares":true,"showImageEffects":true,"showParticleSystems":true,"showVisualEffectGraphs":true,"m_FxEnabled":true},"in2DMode":false,"pivot":{"x":-0.5469008684158325,"y":-0.21499589085578919,"z":-0.5530290603637695},"rotation":{"x":0.040955282747745517,"y":-0.9460527896881104,"z":0.13225625455379487,"w":0.2929554879665375},"size":0.6339746713638306,"orthographic":false}