{"cameraMode":{"drawMode":0,"name":"Shaded","section":"Shading Mode"},"sceneLighting":false,"audioPlay":false,"sceneViewState":{"m_AlwaysRefresh":false,"showFog":true,"showSkybox":false,"showFlares":true,"showImageEffects":true,"showParticleSystems":true,"showVisualEffectGraphs":true,"m_FxEnabled":true},"in2DMode":false,"pivot":{"x":0.6929535865783691,"y":0.8181713223457336,"z":2.1554148197174074},"rotation":{"x":0.02491147629916668,"y":0.48535966873168948,"z":-0.013836496509611607,"w":0.8738500475883484},"size":1.9655437469482422,"orthographic":false}