{"cameraMode":{"drawMode":0,"name":"Shaded","section":"Shading Mode"},"sceneLighting":false,"audioPlay":false,"sceneViewState":{"m_AlwaysRefresh":false,"showFog":true,"showSkybox":false,"showFlares":true,"showImageEffects":true,"showParticleSystems":true,"showVisualEffectGraphs":true,"m_FxEnabled":true},"in2DMode":false,"pivot":{"x":-5.171823501586914,"y":4.4030866622924809,"z":4.9801177978515629},"rotation":{"x":0.05184835195541382,"y":-0.9425589442253113,"z":0.1744382530450821,"w":0.28014132380485537},"size":18.145179748535158,"orthographic":false}