{"cameraMode":{"drawMode":0,"name":"Shaded","section":"Shading Mode"},"sceneLighting":true,"audioPlay":false,"sceneViewState":{"m_AlwaysRefresh":false,"showFog":true,"showSkybox":true,"showFlares":true,"showImageEffects":true,"showParticleSystems":true,"showVisualEffectGraphs":true,"m_FxEnabled":true},"in2DMode":false,"pivot":{"x":4.6817498207092289,"y":2.9836058616638185,"z":2.7036619186401369},"rotation":{"x":0.17547878623008729,"y":-0.1949775665998459,"z":0.035480014979839328,"w":0.96433025598526},"size":6.266026496887207,"orthographic":false}